,title,publish_date,source_country,sentiment,cleaned_text,sentiment_label,word_length,char_length,month
1,Ministers Harris and Ryan welcome record number of enrolments in retrofitting programmes for 2022 - MerrionStreet,2023-01-17 21:41:06,ie,0.341,minister harris ryan welcome record number enrolment retrofitting programme 2022 merrionstreet,positive,16,113,January 2023
2,New €4.8m state-of-the-art facility planned for UCD Lyons Farm,2022-12-05 11:06:50,ie,0.377,new 4.8m state-of-the-art facility planned ucd lyon farm,positive,9,62,December 2022
3,‘Not possible’ to make Northern Ireland Protocol work - EU law expert,2023-02-01 20:45:45,ie,-0.146,possible make northern ireland protocol work eu law expert,negative,12,69,February 2023
4,"Shoppers must demand longer lasting goods and less packaging, says Fine Gael waste policy paper",2023-01-10 16:14:04,ie,-0.077,shopper must demand longer lasting good le packaging say fine gael waste policy paper,negative,15,95,January 2023
5,Opportunity knocks for investors willing to make long-term calls on commercial real estate,2022-12-06 07:00:00,ie,-0.137,opportunity knock investor willing make long-term call commercial real estate,negative,13,90,December 2022
6,German state governor under pressure over Nord Stream 2 revelations,2023-03-01 21:37:51,ie,-0.216,german state governor pressure nord stream 2 revelation,negative,10,67,March 2023
7,Ireland ranks joint lowest of 13 countries on readiness to transition to renewable energy ,2022-12-05 16:11:49,ie,0.381,ireland rank joint lowest 13 country readiness transition renewable energy,positive,14,90,December 2022
8,€1.25bn invested in Dublin’s private rented sector in first three quarters of 2022,2022-11-16 07:00:00,ie,-0.085,1.25bn invested dublin private rented sector first three quarter 2022,negative,13,82,November 2022
9,Tommy Barker: Cork properties hit post-boom record highs despite jittery market,2022-11-05 08:05:00,ie,0.055,tommy barker cork property hit post-boom record high despite jittery market,positive,11,79,November 2022
10,2022 saw lowest number of work-related fatalities in 30 years,2022-12-30 07:15:43,ie,0.128,2022 saw lowest number work-related fatality 30 year,positive,10,61,December 2022
11,Coalition defends €1bn underspend on housing,2023-03-19 13:32:53,ie,-0.213,coalition defends 1bn underspend housing,negative,6,44,March 2023
14,Annual Update of Housing for All  - MerrionStreet,2022-11-02 13:24:54,ie,-0.043,annual update housing merrionstreet,negative,8,49,November 2022
15,Donegal pair behind leading 3D housing development for homeless in UK,2022-11-21 14:39:24,ie,0.296,donegal pair behind leading 3d housing development homeless uk,positive,11,69,November 2022
17,Engineering consultancy EDC opens new Galway office,2023-01-09 12:36:50,ie,0.365,engineering consultancy edc open new galway office,positive,7,51,January 2023
18,Emissions of seven facilities in Ireland equal to 70% of dairy cows,2022-11-16 13:15:07,ie,0.188,emission seven facility ireland equal 70 dairy cow,positive,12,67,November 2022
19,The State is in a good position to fund more investment,2022-12-23 06:00:29,ie,0.014,state good position fund investment,positive,11,55,December 2022
20,Housing targets: Varadkar’s deviation from formal State goal reminds of vast task involved in controlling crisis,2023-03-11 06:00:00,ie,-0.32,housing target varadkar deviation formal state goal reminds vast task involved controlling crisis,negative,16,112,March 2023
21,Irish investment consortium in €6.5m deal for landmark Donnybrook Mall,2023-01-25 09:41:09,ie,0.358,irish investment consortium 6.5m deal landmark donnybrook mall,positive,10,70,January 2023
22,"State may fund thousands of student beds in DCU, UCD and Trinity",2023-03-03 20:48:41,ie,0.031,state may fund thousand student bed dcu ucd trinity,positive,12,64,March 2023
25,Environmental group lodges legal action over emissions cuts ‘picked from the sky’,2023-02-27 23:07:20,ie,-0.364,environmental group lodge legal action emission cut picked sky,negative,12,81,February 2023
26,Ministers Foley and Ryan welcome progress on Schools Decarbonisation Pathfinder Programme  - MerrionStreet,2022-12-28 10:33:23,ie,0.246,minister foley ryan welcome progress school decarbonisation pathfinder programme merrionstreet,positive,13,106,December 2022
27,"Ireland risks missing EU recycling targets, warns EPA",2022-12-07 10:24:53,ie,-0.345,ireland risk missing eu recycling target warns epa,negative,8,53,December 2022
29,Gender pay-gap reports highlight the penalty for women in the workplace,2022-12-24 03:30:00,ie,-0.012,gender pay-gap report highlight penalty woman workplace,negative,11,71,December 2022
30,Machinery Focus: Vertical take-off for Tyrone Trailers,2023-01-14 11:30:00,ie,-0.127,machinery focus vertical take-off tyrone trailer,negative,7,54,January 2023
31,‘All he did was put up those bleeding posters’ - Dublin inner city laments departure of Michael Stone,2023-01-28 07:00:00,ie,0.271,put bleeding poster dublin inner city lament departure michael stone,positive,18,101,January 2023
32,Medicine shortages; construction downturn; and a helping hand for developers,2022-12-12 07:30:17,ie,-0.221,medicine shortage construction downturn helping hand developer,negative,10,76,December 2022
33,Brianna Parkins: Building your own home can save money but is not for the faint-hearted,2023-02-22 06:00:36,ie,0.189,brianna parkins building home save money faint-hearted,positive,15,87,February 2023
34,Dismissal of trade union official found to have been unfair,2023-03-09 16:57:06,ie,-0.506,dismissal trade union official found unfair,negative,10,59,March 2023
36,Dublin Port Opens Public Consultation on 3FM Project,2023-03-23 12:55:56,ie,0.355,dublin port open public consultation 3fm project,positive,8,52,March 2023
37,It’s depressing that two big trends driving Ireland’s housing crisis continue unabated,2022-11-27 13:09:34,ie,-0.366,depressing two big trend driving ireland housing crisis continue unabated,negative,12,86,November 2022
38,Eleven local authorities failed to deliver a single new-build home in first half of 2022,2022-11-28 08:29:31,ie,-0.184,eleven local authority failed deliver single new-build home first half 2022,negative,15,88,November 2022
39,Minister for Housing Darragh O’Brien talks up progress in face of increased homelessness,2023-02-25 18:08:49,ie,-0.134,minister housing darragh brien talk progress face increased homelessness,negative,13,88,February 2023
40,Lebanon to construct new terminal at Beirut airport,2023-03-20 17:04:34,ie,-0.044,lebanon construct new terminal beirut airport,negative,8,51,March 2023
41,Ministers Donohoe and Smyth announces update to guidance to support SME participation in public procurement - MerrionStreet,2023-03-22 16:55:32,ie,0.457,minister donohoe smyth announces update guidance support sme participation public procurement merrionstreet,positive,17,123,March 2023
42,Searches for part-time and weekend work soar amid cost-of-living squeeze,2023-02-07 09:35:46,ie,-0.065,search part-time weekend work soar amid cost-of-living squeeze,negative,10,72,February 2023
43,Stadiums of shame: The numbers Qatar don’t want to be seen,2022-11-20 12:23:00,ie,-0.472,stadium shame number qatar want seen,negative,11,58,November 2022
44,School building projects ‘on hold’ due to funding pressures,2023-03-02 20:54:08,ie,-0.033,school building project hold due funding pressure,negative,9,59,March 2023
46,Caution across Cork commercial property market sectors,2022-12-07 20:43:40,ie,-0.215,caution across cork commercial property market sector,negative,7,54,December 2022
47,US says new weapons will help Ukraine mount ‘decisive’ spring offensive,2023-02-15 19:47:59,ie,0.428,u say new weapon help ukraine mount decisive spring offensive,positive,11,71,February 2023
48,Only a third of accommodation workers in early 2020 were with same employer after Covid,2023-03-10 06:00:00,ie,-0.036,third accommodation worker early 2020 employer covid,negative,15,87,March 2023
50,"Dublin City Council pays 40% over the odds for social housing, audit finds",2023-02-15 20:25:45,ie,-0.236,dublin city council pay 40 odds social housing audit find,negative,13,74,February 2023
51,Hager&#8217;s Install of the Year supports industry excellence,2023-03-09 21:44:39,ie,0.454,hager 8217 install year support industry excellence,positive,8,62,March 2023
54,Economy to grow at reduced rate despite more benign inflationary outlook,2023-03-08 01:15:00,ie,-0.109,economy grow reduced rate despite benign inflationary outlook,negative,11,72,March 2023
55,"Send in the clowns? Don’t bother, they’re here",2022-11-27 10:02:54,ie,-0.139,send clown bother,negative,8,46,November 2022
56,Housing targets under major threat amid slump in homebuilding,2022-12-02 04:00:00,ie,-0.316,housing target major threat amid slump homebuilding,negative,9,61,December 2022
57,Minister Harris announces commencement of construction of six new Higher Education buildings - MerrionStreet,2022-12-21 11:18:44,ie,0.381,minister harris announces commencement construction six new higher education building merrionstreet,positive,14,108,December 2022
58,Ireland’s housing crisis: why doesn’t the State step in and build?,2023-01-29 17:45:35,ie,-0.283,ireland housing crisis state step build,negative,11,66,January 2023
59,Budding engineers of Inishowen invited to week of free fun activities,2023-03-03 20:01:38,ie,0.598,budding engineer inishowen invited week free fun activity,positive,11,69,March 2023
60,"Bafta awards: Bad Sisters, Derry Girls and Cillian Murphy among nominees",2023-03-22 11:07:33,ie,0.493,bafta award bad sister derry girl cillian murphy among nominee,positive,11,72,March 2023
61,Taoiseach urges people to continue &amp;lsquo;warmly&amp;rsquo; welcoming refugees to Ireland,2022-11-21 16:06:14,ie,0.249,taoiseach urge people continue amp lsquo warmly amp rsquo welcoming refugee ireland,positive,10,93,November 2022
62,Nearly 700 forestry road licences issued in Ireland,2023-01-05 09:15:23,ie,-0.102,nearly 700 forestry road licence issued ireland,negative,8,51,January 2023
64,Kirby promotes engineering diversity with new bursaries,2022-11-21 12:03:22,ie,0.301,kirby promotes engineering diversity new bursary,positive,7,55,November 2022
65,Number of recorded workplace fatalities falls by one third in 2022,2022-12-30 08:08:08,ie,-0.301,number recorded workplace fatality fall one third 2022,negative,11,66,December 2022
66,"Social homes on public land essential to address housing crisis, rally in Dublin told",2022-11-26 18:51:44,ie,-0.386,social home public land essential address housing crisis rally dublin told,negative,14,85,November 2022
67,TUS to break ground on multi-million euro STEM facility,2022-12-22 19:02:02,ie,0.356,tus break ground multi-million euro stem facility,positive,9,55,December 2022
68,"Climate action plan’s test is to ‘deliver at pace’, warn Opposition and green groups",2022-12-22 06:00:00,ie,-0.221,climate action plan test deliver pace warn opposition green group,negative,14,84,December 2022
71,New Tailte Éireann agency to provide streamlined access to land and geospatial services to public and Government  - MerrionStreet,2022-12-15 16:26:52,ie,0.478,new tailte ireann agency provide streamlined access land geospatial service public government merrionstreet,positive,19,129,December 2022
72,Collaboration key to accelerating use of Modern Methods of Construction in Housing Delivery - MerrionStreet,2023-02-22 13:04:45,ie,0.302,collaboration key accelerating use modern method construction housing delivery merrionstreet,positive,15,107,February 2023
73,"Focus on research: Dr Marguerite Nyhan, MaREI",2022-12-06 10:17:00,ie,0.341,focus research dr marguerite nyhan marei,positive,7,45,December 2022
74,Revised TAMS costings “hopelessly below” real cost - Kilkenny farmer Denis Drennan,2023-03-11 12:31:00,ie,-0.469,revised tam costing hopelessly real cost kilkenny farmer denis drennan,negative,12,82,March 2023
75,Where have all the second-hand properties gone?,2023-03-02 13:22:51,ie,-0.024,second-hand property gone,negative,7,47,March 2023
76,Pure fantasy to believe our GP numbers can handle free care,2023-01-22 03:30:00,ie,-0.019,pure fantasy believe gp number handle free care,negative,11,59,January 2023
77,Minister McConalogue announces the appointment of a contractor to complete the €30m Deep-Water Quay Development in Ros an Mhíl Fishery Harbour Centre - MerrionStreet,2022-12-28 10:19:09,ie,0.244,minister mcconalogue announces appointment contractor complete 30m deep-water quay development ro mh l fishery harbour centre merrionstreet,positive,24,165,December 2022
78,Eamon Ryan: &#039;Irish people want to play their part&#039; in helping environment,2023-01-22 22:36:07,ie,0.289,eamon ryan 039 irish people want play part 039 helping environment,positive,12,83,January 2023
79,Nominations open for 2023 EY Entrepreneur Of The Year programme,2023-01-26 08:23:34,ie,0.611,nomination open 2023 ey entrepreneur year programme,positive,10,63,January 2023
80,Wicklow and Arklow Harbours awarded more than €1million in funding,2022-12-08 15:12:07,ie,-0.045,wicklow arklow harbour awarded 1million funding,negative,10,66,December 2022
81,Pharma is just the medicine our bruised economy needs right now,2022-12-18 03:30:00,ie,0.14,pharma medicine bruised economy need right,positive,11,63,December 2022
82,"Profile:  Michael Stone, the private man behind the public headlines",2023-01-24 14:25:07,ie,-0.09,profile michael stone private man behind public headline,negative,10,68,January 2023
83,HANNOVER MESSE – World’s leading platform for hydrogen and fuel cells,2023-03-22 11:15:57,ie,0.385,hannover messe world leading platform hydrogen fuel cell,positive,11,69,March 2023
84,"Cost-of-living pressures will persist in 2023 but Ireland should escape a recession, ESRI says",2022-12-15 01:05:41,ie,-0.048,cost-of-living pressure persist 2023 ireland escape recession esri say,negative,14,94,December 2022
86,Housing Minister rules out introducing regulations on people renting out spare rooms,2023-01-12 07:30:25,ie,0.067,housing minister rule introducing regulation people renting spare room,positive,12,84,January 2023
87,"Private sector delivering more than seven in 10 new social homes, department figures show",2023-01-24 06:00:29,ie,-0.252,private sector delivering seven 10 new social home department figure show,negative,14,89,January 2023
88,"Engineers Ireland forecasts almost 8,000 sectoral jobs for 2023",2023-02-01 12:04:25,ie,0.175,engineer ireland forecast almost 8 000 sectoral job 2023,positive,9,63,February 2023
90,LULUCF carbon removal target will be &#8216;extremely challenging&#8217; for Ireland,2022-12-07 11:30:00,ie,-0.06,lulucf carbon removal target 8216 extremely challenging 8217 ireland,negative,10,84,December 2022
91,Tanaiste Leo Varadkar to visit Galway tomorrow,2022-12-09 07:58:34,ie,0.103,tanaiste leo varadkar visit galway tomorrow,positive,7,46,December 2022
92,FactCheck: Did the Government miss its social housing targets for three years in a row?,2023-03-23 01:05:17,ie,-0.365,factcheck government miss social housing target three year row,negative,15,87,March 2023
93,BKT brings a new name to the rubber track market,2022-12-07 14:30:00,ie,0.341,bkt brings new name rubber track market,positive,10,48,December 2022
94,BAM backs HVO fuels as a key part of its decarbonising strategy,2022-12-15 12:49:01,ie,-0.102,bam back hvo fuel key part decarbonising strategy,negative,12,63,December 2022
95,Wider mix now of buyers includes housing bodies and local authorities,2023-03-04 22:00:00,ie,-0.326,wider mix buyer includes housing body local authority,negative,11,69,March 2023
97,32% of hotel beds outside Dublin being used to house refugees,2023-03-29 18:59:00,ie,-0.108,32 hotel bed outside dublin used house refugee,negative,11,61,March 2023
98,Bonuses for bankers could be back on the cards as banking review goes to Cabinet,2022-11-29 07:30:50,ie,0.057,bonus banker could back card banking review go cabinet,positive,15,80,November 2022
99,Landini woos the tillage sector with new Landpower models,2023-03-23 16:30:00,ie,0.049,landini woos tillage sector new landpower model,positive,9,57,March 2023
100,Ireland’s stuttering climate performance brought into focus by IPCC report,2023-03-21 21:17:55,ie,0.036,ireland stuttering climate performance brought focus ipcc report,positive,10,74,March 2023
101,Minister Harris announces more than €40m in supports for 405 new student accommodation beds at DCU - MerrionStreet,2023-03-07 15:23:24,ie,0.008,minister harris announces 40m support 405 new student accommodation bed dcu merrionstreet,positive,18,114,March 2023
102,"Medicines shortage, insolvencies warning and time cull some meetings",2023-01-09 07:35:30,ie,0.032,medicine shortage insolvency warning time cull meeting,positive,9,68,January 2023
103,&amp;lsquo;Ireland is going in the wrong direction&amp;rsquo; – country is producing more rubbish than ever as recycling rates stagnate,2022-12-07 00:55:00,ie,-0.301,amp lsquo ireland going wrong direction amp rsquo country producing rubbish ever recycling rate stagnate,negative,19,135,December 2022
104,Government mulls tax break for developers amid concern over political fallout,2022-12-11 16:14:56,ie,-0.335,government mull tax break developer amid concern political fallout,negative,11,77,December 2022
105,Kinahan snr planned ‘fresh start’ in Zimbabwe,2022-11-12 06:00:42,ie,0.168,kinahan snr planned fresh start zimbabwe,positive,7,45,November 2022
106,Housing affordability at its worst for 14 years as property prices almost eight times the average salary,2023-01-03 03:30:00,ie,-0.21,housing affordability worst 14 year property price almost eight time average salary,negative,17,104,January 2023
107,Large proportion of Cork commercial property left vacant,2023-01-25 11:07:00,ie,-0.302,large proportion cork commercial property left vacant,negative,8,56,January 2023
109,Opinion: In a cold snap our footpaths and cycle lanes should also be gritted by councils,2022-12-13 18:38:22,ie,0.001,opinion cold snap footpath cycle lane also gritted council,positive,16,88,December 2022
110,Two 24-hour work stoppages by Go Ahead employees to take place in March,2023-02-09 20:21:21,ie,-0.399,two 24-hour work stoppage go ahead employee take place march,negative,13,71,February 2023
111,"Irish economy grew by 12% last year, buoyed by multinational sector",2023-03-03 14:43:06,ie,0.081,irish economy grew 12 last year buoyed multinational sector,positive,11,67,March 2023
112,Yara: Europe in peril without strong nitrogen industry,2022-11-11 12:45:00,ie,0.307,yara europe peril without strong nitrogen industry,positive,8,54,November 2022
113,­­DHL report shows how logistics companies help make semiconductor supply chains more resilient,2022-11-21 11:59:51,ie,0.734,dhl report show logistics company help make semiconductor supply chain resilient,positive,13,95,November 2022
114,"Marlet secures €384m in funding for delivery of 1,108 Dublin apartments",2023-03-29 13:14:41,ie,0.212,marlet secures 384m funding delivery 1 108 dublin apartment,positive,11,71,March 2023
115,ATU Donegal students engineer success in national contest,2022-12-03 18:59:36,ie,0.207,atu donegal student engineer success national contest,positive,8,57,December 2022
116,EU dodges deadline for polluting trucks in setback for net-zero goal,2023-02-23 11:21:59,ie,-0.195,eu dodge deadline polluting truck setback net-zero goal,negative,11,68,February 2023
117,Athlone Confirmed for Ireland’s First All-Electric Bus Service,2023-01-20 14:09:32,ie,0.38,athlone confirmed ireland first all-electric bus service,positive,8,62,January 2023
118,It&amp;rsquo;s time to ditch our over-reliance on the tech sector and concentrate on traditional industries,2022-11-12 03:30:00,ie,-0.09,amp rsquo time ditch over-reliance tech sector concentrate traditional industry,negative,15,107,November 2022
119,Local TD critical of lack of proper building control in construction sector,2022-12-13 15:12:29,ie,-0.307,local td critical lack proper building control construction sector,negative,12,75,December 2022
120,No Break: Undocumented workers excluded from fishing sector work permit reforms,2022-12-02 01:30:31,ie,0.137,break undocumented worker excluded fishing sector work permit reform,positive,11,79,December 2022
121,Pat Leahy: The Coalition has blundered into a crisis it might not be able to control,2023-03-25 21:22:35,ie,-0.477,pat leahy coalition blundered crisis might able control,negative,16,84,March 2023
122,Former nursing home for sale in Kilkenny offers great potential - see more!,2023-03-03 12:16:27,ie,0.416,former nursing home sale kilkenny offer great potential see,positive,13,75,March 2023
123,Home sales volumes down as prices jump 9.7%,2023-01-28 06:00:00,ie,-0.348,home sale volume price jump 9.7,negative,8,43,January 2023
124,Booming growth figures mask signs of domestic slow down last year,2023-03-03 13:04:33,ie,0.059,booming growth figure mask sign domestic slow last year,positive,11,65,March 2023
127,Councils seek €40 million to help beef up staffing in planning departments nationwide,2023-01-31 07:15:56,ie,-0.24,council seek 40 million help beef staffing planning department nationwide,negative,13,85,January 2023
128,Limerick above the national average for empty homes,2023-02-02 13:00:00,ie,-0.267,limerick national average empty home,negative,8,51,February 2023
130,Tech giants ditch office space in London and Europe,2022-12-22 11:25:03,ie,0.055,tech giant ditch office space london europe,positive,9,51,December 2022
132,Increase in online shopping prompts spike in demand for warehouse space in Limerick,2023-01-08 19:00:00,ie,-0.118,increase online shopping prompt spike demand warehouse space limerick,negative,13,83,January 2023
133,Appeal  over plans for student complex in Limerick,2023-02-22 14:00:01,ie,0.044,appeal plan student complex limerick,positive,8,50,February 2023
134,"Michael O&#039;Flynn: Inflation is the root of our housing problem, not property developers ",2022-11-11 08:44:01,ie,-0.542,michael 039 flynn inflation root housing problem property developer,negative,13,92,November 2022
135,High-end Blackrock apartment scheme guiding at €59m,2023-02-15 06:50:00,ie,0.213,high-end blackrock apartment scheme guiding 59m,positive,7,51,February 2023
136,Health &#038; Safety Authority confirms 26 work-related fatalities in 2022,2023-01-05 10:57:27,ie,0.111,health 038 safety authority confirms 26 work-related fatality 2022,positive,10,74,January 2023
137,"Ending eviction ban could ‘very possibly’ increase homelessness, says Minister for Housing",2023-03-07 16:11:16,ie,-0.454,ending eviction ban could possibly increase homelessness say minister housing,negative,12,90,March 2023
139,"Homes swept away, livelihoods disrupted. A coastal community in Senegal battles the climate change tide",2022-11-25 18:48:30,ie,0.004,home swept away livelihood disrupted coastal community senegal battle climate change tide,positive,15,103,November 2022
140,Pat Leahy: Ending the eviction ban could be this Government’s worst mistake,2023-03-12 10:22:30,ie,-0.273,pat leahy ending eviction ban could government worst mistake,negative,12,75,March 2023
141,Data reveals number of residential buildings under construction in Kilkenny,2023-01-31 13:07:13,ie,-0.442,data reveals number residential building construction kilkenny,negative,10,75,January 2023
142,Housing now biggest threat to Ireland’s economic wellbeing,2023-02-03 06:00:00,ie,-0.22,housing biggest threat ireland economic wellbeing,negative,8,58,February 2023
144,Housing demand in Kilkenny down 25% in city over past three years,2023-03-21 12:00:11,ie,0.162,housing demand kilkenny 25 city past three year,positive,12,65,March 2023
147,Egypt unveils newly discovered chamber inside one of the Great Pyramid,2023-03-02 18:10:44,ie,0.005,egypt unveils newly discovered chamber inside one great pyramid,positive,11,70,March 2023
149,New facilities to support the growth of Celtic Sea FLOW take another step forward,2022-11-29 21:48:14,ie,0.448,new facility support growth celtic sea flow take another step forward,positive,14,81,November 2022
150,Government counter-motion on eviction ban aimed at securing Independent backing,2023-03-21 19:37:25,ie,-0.057,government counter-motion eviction ban aimed securing independent backing,negative,10,79,March 2023
151,"With stakes high, Brazil meat industry dominates Lula delegation to China",2023-03-23 10:56:35,ie,-0.029,stake high brazil meat industry dominates lula delegation china,negative,11,73,March 2023
152,Gender pay gaps at Ireland’s Big Four accountancy firms look okay - until you include partners,2023-03-10 06:00:00,ie,-0.177,gender pay gap ireland big four accountancy firm look okay include partner,negative,16,94,March 2023
153,Business lender Capitalflow reveals plans to double lending to support customers,2023-03-09 10:46:33,ie,0.35,business lender capitalflow reveals plan double lending support customer,positive,11,80,March 2023
154,Fact Check: Do emissions from making electric cars mean they are not ‘green’?,2022-11-24 15:27:47,ie,-0.533,fact check emission making electric car mean green,negative,13,77,November 2022
155,"Land Development Agency should have power to acquire public and private land, ESRI says",2022-12-09 07:05:34,ie,-0.189,land development agency power acquire public private land esri say,negative,14,87,December 2022
156,Big tech is all for capitalism until the going gets tough,2023-03-16 07:00:00,ie,-0.064,big tech capitalism going get tough,negative,11,57,March 2023
157,"The experts&amp;rsquo; view – what will happen to house prices, mortgage rates, health insurance and more in 2023",2022-12-27 03:30:00,ie,0.226,expert amp rsquo view happen house price mortgage rate health insurance 2023,positive,18,113,December 2022
158,"Digicel seeks debt repayment delay,  EY awards and Musk’s feet of clay",2022-12-01 08:18:32,ie,-0.058,digicel seek debt repayment delay ey award musk foot clay,negative,12,70,December 2022
162,FTSE 100 backtracks from record high as housebuilders slip,2023-02-06 19:20:46,ie,-0.09,ftse 100 backtracks record high housebuilder slip,negative,9,58,February 2023
163,Developer Johnny Ronan in €140m deal for Citi’s Dublin HQ,2023-01-12 20:48:05,ie,-0.248,developer johnny ronan 140m deal citi dublin hq,negative,10,57,January 2023
165,Hibernia Reit and Salesforce HQ sales drive spend on commercial property towards €6bn,2022-12-06 06:35:00,ie,-0.336,hibernia reit salesforce hq sale drive spend commercial property towards 6bn,negative,13,85,December 2022
166,Sharp drop in housing completions expected while State targets need ‘urgent review’,2022-12-23 15:13:08,ie,-0.621,sharp drop housing completion expected state target need urgent review,negative,12,83,December 2022
167,Eamon O’ Cuiv slams Government “petty-mindedness” over Traveller accommodation,2022-12-09 15:12:35,ie,0.207,eamon cuiv slam government petty-mindedness traveller accommodation,positive,9,78,December 2022
169,"New rules on collective bargaining could transform union landscape, says Ictu general secretary Owen Reidy",2023-01-24 05:15:00,ie,0.331,new rule collective bargaining could transform union landscape say ictu general secretary owen reidy,positive,15,106,January 2023
170,Citigroup signs deal for new European HQ in Dublin docklands,2023-01-06 17:37:19,ie,-0.346,citigroup sign deal new european hq dublin docklands,negative,10,60,January 2023
171,Investors retrench but billions in ‘dry powder’ await return to normal trading,2022-12-07 06:42:00,ie,-0.108,investor retrench billion dry powder await return normal trading,negative,12,78,December 2022
172,Minister Harris gives go-ahead for next phase of proposed capital investment for TU Dublin - MerrionStreet,2023-01-11 14:47:28,ie,0.215,minister harris give go-ahead next phase proposed capital investment tu dublin merrionstreet,positive,16,106,January 2023
174,Dr Rory Hearne: 2023 –Time for Ireland to take a new direction in housing,2022-12-26 21:00:11,ie,-0.122,dr rory hearne 2023 time ireland take new direction housing,negative,14,73,December 2022
175,"NCT test delays to be eased with extra resources, Ryan informed",2023-02-07 21:03:35,ie,-0.14,nct test delay eased extra resource ryan informed,negative,11,63,February 2023
176,"Over a fifth of all tourist beds are now contracted to the State for refugees and others, report says",2022-12-02 03:31:00,ie,0.158,fifth tourist bed contracted state refugee others report say,positive,19,101,December 2022
178,"Fears for Irish jobs as Amazon confirms it will cut another 9,000 jobs",2023-03-20 21:20:33,ie,-0.082,fear irish job amazon confirms cut another 9 000 job,negative,13,70,March 2023
179,Contracts signed for design and construction of €80 million development in Limerick,2023-02-13 15:07:46,ie,0.177,contract signed design construction 80 million development limerick,positive,12,83,February 2023
180,"UK house prices fall fastest in 14 years, Halifax says",2022-12-07 10:22:39,ie,-0.156,uk house price fall fastest 14 year halifax say,negative,10,54,December 2022
182,"No plastic bottles, cups or cutlery: UCC eliminates single-use materials from campus",2023-02-07 20:07:52,ie,0.231,plastic bottle cup cutlery ucc eliminates single-use material campus,positive,12,84,February 2023
183,ESRI urges State to issue more visas to non-EU construction workers,2022-12-09 07:31:56,ie,-0.215,esri urge state issue visa non-eu construction worker,negative,11,67,December 2022
186,Rohan Holdings secure two new tenants at latest Dublin logistics scheme,2023-02-22 06:35:00,ie,-0.051,rohan holding secure two new tenant latest dublin logistics scheme,negative,11,71,February 2023
188,GDP growth falls short of estimates as demand declines for second consecutive quarter,2023-03-03 16:13:29,ie,-0.093,gdp growth fall short estimate demand decline second consecutive quarter,negative,13,85,March 2023
189,PwC hit with £5.6m fine for &amp;lsquo;serious failures&amp;rsquo; over Babcock audit,2023-03-08 13:04:51,ie,-0.204,pwc hit 5.6m fine amp lsquo serious failure amp rsquo babcock audit,negative,11,85,March 2023
190,Egypt unveils newly discovered chamber inside Great Pyramid,2023-03-02 17:28:30,ie,0.119,egypt unveils newly discovered chamber inside great pyramid,positive,8,59,March 2023
191,Amazing snapshot of life in Ireland in 2022 released by CSO,2023-01-03 15:42:17,ie,0.13,amazing snapshot life ireland 2022 released cso,positive,11,59,January 2023
192,Plan to boost spending on sports grounds by 300% rejected as lacking ‘realism’,2022-12-30 06:00:30,ie,-0.129,plan boost spending sport ground 300 rejected lacking realism,negative,13,78,December 2022
193,Construction of multi-million euro AgTech Innovation Centre begins at UCD,2022-12-05 12:02:37,ie,0.2,construction multi-million euro agtech innovation centre begin ucd,positive,10,73,December 2022
194,'Substantial concern' over gap in emissions reductions as new Climate Action Plan released,2022-12-21 18:54:29,ie,-0.104,substantial concern gap emission reduction new climate action plan released,negative,13,90,December 2022
195,Report finds Ireland’s productivity 40% higher than Northern Ireland’s over the past 20 years,2022-11-28 08:31:03,ie,-0.14,report find ireland productivity 40 higher northern ireland past 20 year,negative,14,93,November 2022
196,The political Unionist cake is not growing. Only who wins the bigger slice alters. – Slugger O'Toole,2023-01-27 11:44:05,ie,0.054,political unionist cake growing win bigger slice alters slugger toole,positive,17,100,January 2023
197,&amp;lsquo;Impatient&amp;rsquo; new HSE boss says system is too slow and risk-averse,2023-03-22 17:50:36,ie,0.065,amp lsquo impatient amp rsquo new hse bos say system slow risk-averse,positive,11,84,March 2023
200,SMEs employed almost 69% of the workforce in Ireland in 2020,2022-11-02 18:55:53,ie,-0.113,smes employed almost 69 workforce ireland 2020,negative,11,60,November 2022
201,"'Jury is out' on whether State will increase house building this year, says Tánaiste",2023-03-15 07:30:38,ie,0.0,jury whether state increase house building year say naiste,neutral,14,84,March 2023
202,"EY Ireland settlement, Aer Lingus bags still missing and homes snarled in planning system",2023-01-26 06:58:37,ie,-0.289,ey ireland settlement aer lingus bag still missing home snarled planning system,negative,14,89,January 2023
203,Job opportunities in Kilkenny to grow by 15% in 2023 - FRS Recruitment,2023-02-07 08:00:00,ie,0.162,job opportunity kilkenny grow 15 2023 fr recruitment,positive,13,70,February 2023
204,Housing starts rise in January despite increase in construction costs,2023-02-23 18:19:55,ie,-0.213,housing start rise january despite increase construction cost,negative,10,69,February 2023
205,FCI: TAMS 3 is &#8216;declaration of war&#8217; on agricultural contractors,2023-02-21 13:08:57,ie,-0.327,fci tam 3 8216 declaration war 8217 agricultural contractor,negative,10,75,February 2023
206,"Housing minister: 'I'll be frank, we've got to revisit the tax treatment for small landlords'",2022-12-21 01:05:49,ie,-0.201,housing minister frank got revisit tax treatment small landlord,negative,15,93,December 2022
207,Minister Donohoe to present project delivery reforms as part of new Departmental remit - MerrionStreet,2023-03-10 16:30:27,ie,0.113,minister donohoe present project delivery reform part new departmental remit merrionstreet,positive,15,102,March 2023
209,Revolving Door: Revealing the relationship between government officials and lobbyists,2022-11-11 01:05:12,ie,0.114,revolving door revealing relationship government official lobbyist,positive,10,85,November 2022
210,Karlin Lillington: A wild geese of tech scenario keeps Ireland fretting,2022-11-17 07:00:00,ie,-0.079,karlin lillington wild goose tech scenario keep ireland fretting,negative,11,71,November 2022
211,Strike action by childcare providers tomorrow cancelled as meeting with Minister planned,2022-11-24 13:02:50,ie,-0.326,strike action childcare provider tomorrow cancelled meeting minister planned,negative,12,88,November 2022
212,State to invest millions to help universities build thousands of student apartments,2022-11-24 21:00:00,ie,-0.288,state invest million help university build thousand student apartment,negative,12,83,November 2022
213,"Taoiseach Micheál Martin interview: &amp;lsquo;It&amp;rsquo;s not all about ego – I believe in governments going the full term, to get policies delivered&amp;rsquo;",2022-11-06 07:43:53,ie,0.226,taoiseach miche l martin interview amp lsquo amp rsquo ego believe government going full term get policy delivered amp rsquo,positive,22,164,November 2022
214,School communities in limbo as funding stalled for extensions,2023-03-10 08:00:53,ie,-0.444,school community limbo funding stalled extension,negative,9,61,March 2023
215,Demands on government to step up on climate crisis as new action plan takes hold,2022-12-31 01:05:20,ie,0.147,demand government step climate crisis new action plan take hold,positive,15,80,December 2022
216,"Pesticide lobbyists pushing against environmental protections, research finds",2022-12-08 21:02:26,ie,-0.12,pesticide lobbyist pushing environmental protection research find,negative,8,77,December 2022
217,Building Advice: Will construction costs come down?,2023-01-24 20:29:00,ie,-0.114,building advice construction cost come,negative,7,51,January 2023
219,Biomethane/fertiliser project unveiled by Local Power,2022-12-28 16:05:33,ie,0.038,biomethane fertiliser project unveiled local power,positive,6,53,December 2022
221,Many tenants overholding on properties as they can find nowhere else to go,2023-01-04 05:20:00,ie,-0.533,many tenant overholding property find nowhere else go,negative,13,74,January 2023
222,Business group Ibec warns housing crisis is 'critical barrier to growth and business investment',2023-01-30 10:24:36,ie,-0.129,business group ibec warns housing crisis critical barrier growth business investment,negative,14,96,January 2023
223,Greencastle’s new sea survival training unit to be progressed in 2023,2022-11-19 13:31:48,ie,0.201,greencastle new sea survival training unit progressed 2023,positive,11,69,November 2022
224,Construction industry lobbying to change law and reduce planning challenges,2022-11-12 01:05:47,ie,-0.188,construction industry lobbying change law reduce planning challenge,negative,10,75,November 2022
225,Kilkenny people invited to consultation on Ireland's housing system,2023-03-22 20:24:00,ie,0.128,kilkenny people invited consultation ireland housing system,positive,9,67,March 2023
226,Money Diaries: A health and social care worker on €63K living in the east of the country,2023-01-22 22:00:07,ie,-0.036,money diary health social care worker 63k living east country,negative,17,88,January 2023
227,Forestry and wood sectors worth more than €2 billion annually to economy according to new COFORD study - MerrionStreet,2022-11-01 15:14:10,ie,0.337,forestry wood sector worth 2 billion annually economy according new coford study merrionstreet,positive,19,118,November 2022
228,Firm seeks injunction to restrain Unite member employees from taking industrial action,2023-03-08 20:54:49,ie,-0.336,firm seek injunction restrain unite member employee taking industrial action,negative,12,86,March 2023
229,"Almost 20,000 new workers needed for Scotland&amp;rsquo;s construction sector, report says",2023-01-18 15:26:06,ie,0.046,almost 20 000 new worker needed scotland amp rsquo construction sector report say,positive,11,90,January 2023
230,Immunologist says stronger advice on mask-wearing needed amid surge in respiratory viruses,2023-01-07 01:05:55,ie,-0.396,immunologist say stronger advice mask-wearing needed amid surge respiratory virus,negative,12,90,January 2023
231,Two years&#039; worth of new homes awaiting planning permission,2023-02-14 11:56:00,ie,-0.367,two year 039 worth new home awaiting planning permission,negative,9,63,February 2023
232,FactCheck: Is the State the ‘biggest player in housing’?,2022-11-22 07:00:03,ie,-0.214,factcheck state biggest player housing,negative,9,56,November 2022
234,What does the 2023 housing market have in store? Property experts make their predictions,2022-12-08 06:55:00,ie,-0.149,2023 housing market store property expert make prediction,negative,14,88,December 2022
235,"From increased spending to tax breaks, can the ideas discussed at summit fix the housing crisis?",2023-01-10 22:09:33,ie,-0.258,increased spending tax break idea discussed summit fix housing crisis,negative,16,96,January 2023
236,"Apple tax case heads back to court, Bank of Ireland’s share awards and what next for Silicon Valley Bank",2023-03-13 07:33:54,ie,0.112,apple tax case head back court bank ireland share award next silicon valley bank,positive,19,104,March 2023
237,Housing market not ready for era of mass retirement,2022-11-19 03:30:00,ie,0.213,housing market ready era mass retirement,positive,9,51,November 2022
238,‘Heads must roll’: Industry and experts argue energy crisis of ‘our own making’,2022-12-20 10:30:32,ie,-0.244,head must roll industry expert argue energy crisis making,negative,13,79,December 2022
240,Green Limerick: ‘Mid-West should be the envy of Europe’,2023-03-04 19:22:00,ie,-0.019,green limerick mid-west envy europe,negative,9,55,March 2023
241,"New homes target of 24,600 to be ‘exceeded’ but social and affordable housing goals in doubt",2022-11-02 20:55:55,ie,-0.396,new home target 24 600 exceeded social affordable housing goal doubt,negative,16,92,November 2022
242,€5.4m European digital innovation hub launched to help SMEs apply digital skills to their businesses,2023-02-27 16:15:47,ie,0.293,5.4m european digital innovation hub launched help smes apply digital skill business,positive,15,100,February 2023
243,Minister Harris announces publication of construction legislation and skills analysis report for the construction sector - MerrionStreet,2022-12-22 15:49:20,ie,0.168,minister harris announces publication construction legislation skill analysis report construction sector merrionstreet,positive,17,136,December 2022
244,Quinn: Grit and Greed on the Border,2022-12-04 20:44:35,ie,-0.123,quinn grit greed border,negative,7,35,December 2022
245,"LDA identifies 83-State owned sites with potential for 67,000 homes in 'medium to long-term'",2023-03-28 11:33:45,ie,-0.085,lda identifies 83-state owned site potential 67 000 home medium long-term,negative,14,92,March 2023
246,BREAKING: €170.6m investment in Waterford North Quays confirmed - construction looming!,2022-11-09 13:16:39,ie,0.497,breaking 170.6m investment waterford north quay confirmed construction looming,positive,11,87,November 2022
248,"Bursary boost of €10,000 for renewable energy students",2023-01-19 10:20:26,ie,0.67,bursary boost 10 000 renewable energy student,positive,8,54,January 2023
249,"Enterprise Ireland client companies create nearly 20,000 jobs in 2022",2023-01-10 18:03:37,ie,0.165,enterprise ireland client company create nearly 20 000 job 2022,positive,10,69,January 2023
250,Who is going to pay for development of thousands of new homes Ireland needs to build?,2022-12-10 15:26:55,ie,-0.301,going pay development thousand new home ireland need build,negative,16,85,December 2022
252,Irish tech sector &amp;lsquo;will grow next year despite cuts to workforce&amp;rsquo;,2022-11-23 12:24:54,ie,-0.673,irish tech sector amp lsquo grow next year despite cut workforce amp rsquo,negative,11,85,November 2022
253,Logistics sector shines light on careers opportunities,2023-03-02 12:33:29,ie,0.441,logistics sector shine light career opportunity,positive,7,54,March 2023
254,Ken Aherne appointed Managing Director of Sisk Ireland East business,2023-03-03 12:11:10,ie,0.879,ken aherne appointed managing director sisk ireland east business,positive,10,68,March 2023
255,Pandemic persuades Varadkar of the virtue of greater State intervention in economy,2022-12-07 06:54:40,ie,0.062,pandemic persuades varadkar virtue greater state intervention economy,positive,12,82,December 2022
256,Colleges move to tackle threat posed by students using ChatGPT to pass work off as their own,2023-03-21 04:07:33,ie,0.172,college move tackle threat posed student using chatgpt pas work,positive,17,92,March 2023
257,Texthelp founder named 2022 EY entrepreneur of the year,2022-12-01 11:56:00,ie,0.64,texthelp founder named 2022 ey entrepreneur year,positive,9,55,December 2022
258,"Green light for Howth Castle plan, cheaper electricity for SMEs, and new rules for divorced homebuyers",2023-02-28 07:37:48,ie,0.16,green light howth castle plan cheaper electricity smes new rule divorced homebuyers,positive,16,102,February 2023
259,College graduates gain employment in record numbers after Covid-19 rebound,2022-11-23 01:00:00,ie,0.401,college graduate gain employment record number covid-19 rebound,positive,10,74,November 2022
260,"Ulster Bank branches to close, Glenveagh’s investor, and ethical pension investing",2023-01-25 08:11:07,ie,0.011,ulster bank branch close glenveagh investor ethical pension investing,positive,11,82,January 2023
261,Sharp drop in planning permissions for new homes,2022-12-09 18:16:00,ie,-0.314,sharp drop planning permission new home,negative,8,48,December 2022
262,Economy in 2022: Ireland’s two tiers have come into sharp focus,2022-12-24 16:28:04,ie,-0.197,economy 2022 ireland two tier come sharp focus,negative,11,63,December 2022
263,"Rising levels of waste making it difficult to increase recycling rates, EPA warns",2022-12-07 07:00:13,ie,-0.245,rising level waste making difficult increase recycling rate epa warns,negative,13,81,December 2022
264,&amp;lsquo;Power demand capacity would triple&amp;rsquo; – number of data centres could hit 150 putting strain on gas supply and climate targets,2022-12-06 09:19:37,ie,-0.3,amp lsquo power demand capacity would triple amp rsquo number data centre could hit 150 putting strain gas supply climate target,negative,21,144,December 2022
265,State needs to play role in ‘landbanking’ if housing shortage is to be addressed,2022-11-24 21:32:41,ie,-0.168,state need play role landbanking housing shortage addressed,negative,14,80,November 2022
266,The top 10 commercial property deals of 2022,2022-12-07 07:00:00,ie,0.042,top 10 commercial property deal 2022,positive,8,44,December 2022
267,Nitrogen limits on farms to be reviewed under new Climate Action Plan,2022-12-21 18:28:16,ie,-0.278,nitrogen limit farm reviewed new climate action plan,negative,12,69,December 2022
268,John Paul Construction appoints Helen Forbes as HR Director,2023-03-07 10:39:21,ie,0.763,john paul construction appoints helen forbes hr director,positive,9,59,March 2023
269,Measures needed to address ‘severe shortage’ of housing in Kilkenny,2023-03-08 14:48:22,ie,0.044,measure needed address severe shortage housing kilkenny,positive,10,67,March 2023
270,Nurses across Northern Ireland strike over pay and safe staffing levels,2022-12-15 10:32:05,ie,-0.088,nurse across northern ireland strike pay safe staffing level,negative,11,71,December 2022
271,Minister Donohoe's Seanad Statement on The National Development Plan (NDP)  - MerrionStreet,2023-03-02 16:32:18,ie,0.14,minister donohoe seanad statement national development plan ndp merrionstreet,positive,12,91,March 2023
272,"EU Council TEN-T approach good for passengers, but falls short on freight",2022-12-06 21:04:52,ie,-0.084,eu council ten-t approach good passenger fall short freight,negative,12,73,December 2022
273,Morris Leslie Plant Hire places €100m order with JCB,2023-03-21 13:01:00,ie,-0.233,morris leslie plant hire place 100m order jcb,negative,9,52,March 2023
274,Aengus Consulting Ltd appoints Eleanor Boland and Carol Connery as Directors,2023-03-21 08:46:02,ie,0.611,aengus consulting ltd appoints eleanor boland carol connery director,positive,11,76,March 2023
275,Mark McAuley: Ireland must embrace low carbon timber building systems to reduce emissions from construction,2023-02-27 06:00:00,ie,0.447,mark mcauley ireland must embrace low carbon timber building system reduce emission construction,positive,15,107,February 2023
276,Planning for university? Your career prospects after college,2023-01-24 02:00:00,ie,0.671,planning university career prospect college,positive,8,60,January 2023
277,Ireland’s domestic economy contracts as cost-of-living challenges mount,2022-12-02 14:06:36,ie,0.037,ireland domestic economy contract cost-of-living challenge mount,positive,8,71,December 2022
278,No work-related fatalities recorded in Kilkenny in 2022,2022-12-30 11:35:36,ie,0.122,work-related fatality recorded kilkenny 2022,positive,8,55,December 2022
279,'We have turned a corner': Pre-budget tax breaks for renters and landlords dismissed by Tánaiste,2023-03-14 17:10:00,ie,-0.488,turned corner pre-budget tax break renter landlord dismissed naiste,negative,15,96,March 2023
280,Revealed: €476m budget for housing still unspent as crisis grows,2022-11-20 03:30:00,ie,-0.487,revealed 476m budget housing still unspent crisis grows,negative,10,64,November 2022
281,Climate Action Plan: &#8216;We should not see climate action as a burden&#8217;,2022-12-21 17:43:50,ie,0.37,climate action plan 8216 see climate action burden 8217,positive,12,79,December 2022
282,"Wave of small landlords selling investment properties, claims report",2023-01-13 01:25:06,ie,-0.255,wave small landlord selling investment property claim report,negative,9,68,January 2023
283,Ukraine war: Zelenskiy visits frontline near Bakhmut,2023-03-22 16:36:34,ie,0.211,ukraine war zelenskiy visit frontline near bakhmut,positive,7,52,March 2023
284,DUP must give up its divisive sabre-rattling and do what&amp;rsquo;s best for people of the North,2023-01-13 04:43:05,ie,0.044,dup must give divisive sabre-rattling amp rsquo best people north,positive,16,97,January 2023
286,Sales advisors and other positions available in the agri sector,2022-12-30 16:00:00,ie,0.387,sale advisor position available agri sector,positive,10,63,December 2022
287,The Explainer x Noteworthy: Are data centres ramping up Ireland’s emissions?,2022-12-19 08:00:51,ie,-0.157,explainer x noteworthy data centre ramping ireland emission,negative,11,76,December 2022
288,Leading Chinese banker missing amid crackdown,2023-02-17 12:02:02,ie,-0.372,leading chinese banker missing amid crackdown,negative,6,45,February 2023
289,"Starting pay well below minimum wages is turning people off apprenticeships, union warns",2022-12-01 18:33:25,ie,-0.293,starting pay well minimum wage turning people apprenticeship union warns,negative,13,88,December 2022
290,Spurdog quota creates new opportunities for Donegal’s fishermen,2022-12-16 23:10:59,ie,0.25,spurdog quota creates new opportunity donegal fisherman,positive,8,63,December 2022
292,Eamon Quinn: Parallels between SVB collapse and 2008 banking crisis are very real,2023-03-13 20:45:00,ie,-0.137,eamon quinn parallel svb collapse 2008 banking crisis real,negative,13,81,March 2023
293,Commodities drive fall as FTSE outperformed by European peers,2023-03-06 19:10:29,ie,-0.106,commodity drive fall ftse outperformed european peer,negative,9,61,March 2023
294,DCT unveils rebrand,2023-01-16 22:15:32,ie,0.201,dct unveils rebrand,positive,3,19,January 2023
295,Are we waiting for an Irish recession which may never arrive?,2023-01-12 11:53:51,ie,-0.393,waiting irish recession may never arrive,negative,11,61,January 2023
296,Kathy Sheridan: Truth the first casualty in a housing crisis,2023-03-15 09:15:36,ie,-0.259,kathy sheridan truth first casualty housing crisis,negative,10,60,March 2023
297,Over 100 Donegal students celebrate Engineers Week at ATU – Picture Special,2023-03-25 11:05:19,ie,0.643,100 donegal student celebrate engineer week atu picture special,positive,12,75,March 2023
298,Productivity in NI is 40% lower than the Republic – Slugger O'Toole,2022-11-29 11:37:56,ie,-0.131,productivity ni 40 lower republic slugger toole,negative,12,67,November 2022
299,"Tánaiste and Minister for Foreign Affairs, Micheál Martin TD, announces launch of Shared Island Civic Society Fund - MerrionStreet",2023-01-13 12:20:35,ie,0.648,naiste minister foreign affair miche l martin td announces launch shared island civic society fund merrionstreet,positive,19,130,January 2023
301,"Biodiversity funding gap stalls progress at Cop15, heaping pressure on ministers to resolve sticking points",2022-12-15 21:26:17,ie,-0.165,biodiversity funding gap stall progress cop15 heaping pressure minister resolve sticking point,negative,15,107,December 2022
302,"The most effective ways to get results when complaining to a restaurant, a bank, or a telco without being labelled a &amp;lsquo;moaner&amp;rsquo; or worse still, ignored",2022-11-20 03:30:00,ie,-0.055,effective way get result complaining restaurant bank telco without labelled amp lsquo moaner amp rsquo worse still ignored,negative,26,169,November 2022
304,Ireland to experience sharp growth slowdown as cost-of-living pressures mount,2022-12-15 06:00:52,ie,-0.062,ireland experience sharp growth slowdown cost-of-living pressure mount,negative,10,77,December 2022
305,Allowing older workers to quit the labour force is causing a ruinous skills shortage,2022-11-13 03:30:00,ie,0.293,allowing older worker quit labour force causing ruinous skill shortage,positive,14,84,November 2022
306,Calls to encourage growth of hemp in Ireland,2022-12-13 13:45:00,ie,0.199,call encourage growth hemp ireland,positive,8,44,December 2022
307,Property-sector deals to retreat from near-record €5.5bn levels of last year,2023-01-02 03:30:00,ie,-0.44,property-sector deal retreat near-record 5.5bn level last year,negative,11,76,January 2023
308,Unlocking the potential: Cork’s docklands could breathe life into the city,2022-11-19 19:00:00,ie,0.504,unlocking potential cork docklands could breathe life city,positive,11,74,November 2022
310,Why I&#39;m happy Ireland didn&#39;t qualify for the Qatar World Cup,2022-11-25 10:42:56,ie,-0.597,39 happy ireland 39 qualify qatar world cup,negative,11,68,November 2022
311,"Local councils paying significantly more for social housing, department figures show",2023-02-23 06:45:00,ie,-0.282,local council paying significantly social housing department figure show,negative,11,84,February 2023
312,HSA confirms 26 work-related fatalities in Ireland in 2022,2022-12-30 02:04:10,ie,0.095,hsa confirms 26 work-related fatality ireland 2022,positive,9,58,December 2022
315,Wind farmers claim windfall tax will damage industry,2022-11-25 11:36:26,ie,-0.387,wind farmer claim windfall tax damage industry,negative,8,52,November 2022
316,All Island Resilience Conference - MerrionStreet,2022-11-09 18:38:33,ie,0.545,island resilience conference merrionstreet,positive,6,48,November 2022
317,Farming accounts for almost half of work-related fatalities in 2022,2022-12-30 09:30:00,ie,-0.117,farming account almost half work-related fatality 2022,negative,10,67,December 2022
318,'I got this wrong': Meta's layoffs and what they mean for Ireland,2022-11-09 21:00:03,ie,-0.196,got wrong meta layoff mean ireland,negative,12,65,November 2022
319,Opaque pricing hides actual value of SaaS,2022-11-24 18:48:07,ie,-0.469,opaque pricing hide actual value saas,negative,7,41,November 2022
320,Feeder schools: Ironing out statistical quirks,2022-12-14 02:00:00,ie,-0.292,feeder school ironing statistical quirk,negative,6,46,December 2022
321,"After Saudi plans and 'bumps in the road', State's 'biggest' regeneration project breaks ground",2023-03-06 19:03:16,ie,0.369,saudi plan bump road state biggest regeneration project break ground,positive,14,95,March 2023
322,Twenty four local firms vie for top honours at Limerick Chamber business awards,2022-11-18 13:00:00,ie,0.273,twenty four local firm vie top honour limerick chamber business award,positive,13,79,November 2022
323,"Pepper’s interest rate hike, Digicel downgrade and Stripe’s fundraising",2023-02-24 07:35:05,ie,-0.013,pepper interest rate hike digicel downgrade stripe fundraising,negative,9,71,February 2023
324,TAMS 3 is &#8216;out of date already&#8217; &#8211; ICMSA,2023-03-06 11:30:15,ie,-0.774,tam 3 8216 date already 8217 8211 icmsa,negative,9,57,March 2023
325,Home-buyers paying out almost eight times the average wage for a home ,2023-01-03 09:14:18,ie,-0.05,home-buyers paying almost eight time average wage home,negative,12,70,January 2023
326,Kilkenny craftspeople encouraged to carve out a career in built heritage,2023-03-07 10:35:55,ie,0.628,kilkenny craftspeople encouraged carve career built heritage,positive,11,72,March 2023
327,Homebuilding slumps by 16% as construction inflation soars,2022-12-01 13:34:53,ie,-0.186,homebuilding slump 16 construction inflation soar,negative,8,58,December 2022
328,Macra hits out at omission of milking parlour building costs in TAMS,2023-02-21 12:30:00,ie,0.001,macra hit omission milking parlour building cost tam,positive,12,68,February 2023
330,Opposition parties join forces to pressure Government over housing emergency,2022-11-22 15:31:11,ie,-0.27,opposition party join force pressure government housing emergency,negative,10,76,November 2022
332,Popular supermarket chain increases workforce in Limerick,2023-02-15 20:30:00,ie,0.159,popular supermarket chain increase workforce limerick,positive,7,57,February 2023
333,First Hydrogen reveals preview of next-generation vans,2023-01-30 22:53:45,ie,-0.017,first hydrogen reveals preview next-generation van,negative,7,54,January 2023
334,&#8216;Soils Day&#8217;: All soil is different and must be managed accordingly,2023-03-20 16:00:00,ie,0.113,8216 soil day 8217 soil different must managed accordingly,positive,11,78,March 2023
335,Work to develop new €24m university campus in Limerick to begin in coming weeks,2023-03-15 08:30:00,ie,-0.118,work develop new 24m university campus limerick begin coming week,negative,14,79,March 2023
337,Gas was primary source of electricity generation in January,2023-03-01 11:50:00,ie,-0.239,gas primary source electricity generation january,negative,9,59,March 2023
338,Climate Action Plan: Focus on solar power broadly welcomed,2022-12-22 12:20:00,ie,-0.013,climate action plan focus solar power broadly welcomed,negative,9,58,December 2022
339,"Climate Action Plan pins hopes on greener buildings, cleaner transport and a lot more wind – but activists say implementation is key",2022-12-21 21:36:04,ie,-0.096,climate action plan pin hope greener building cleaner transport lot wind activist say implementation key,negative,22,132,December 2022
340,Turkish Airlines Posts Record Annual Revenues,2023-03-02 12:33:57,ie,0.172,turkish airline post record annual revenue,positive,6,45,March 2023
341,"Rent inflation pushing more people to buy, industry group warns",2022-12-06 01:01:00,ie,-0.214,rent inflation pushing people buy industry group warns,negative,10,63,December 2022
342,Who runs Ireland’s road tolls and who gets the money?,2022-11-19 01:01:00,ie,0.034,run ireland road toll get money,positive,10,53,November 2022
343,"Minister Martin confirms funding of €300,000 for Minding Creative Minds as part of the Safe to Create Programme - MerrionStreet",2023-01-06 14:30:36,ie,0.216,minister martin confirms funding 300 000 minding creative mind part safe create programme merrionstreet,positive,20,127,January 2023
344,McConalogue confirms opening of new fishery at meeting with inshore sector - MerrionStreet,2022-12-16 16:49:54,ie,0.211,mcconalogue confirms opening new fishery meeting inshore sector merrionstreet,positive,13,90,December 2022
345,Government launches updated Climate Action Plan accelerating ambition in reaching climate goals  - MerrionStreet,2022-12-21 17:27:42,ie,0.551,government launch updated climate action plan accelerating ambition reaching climate goal merrionstreet,positive,14,112,December 2022
346,"Lack of basic facilities discouraging women from taking up building and other trades, says union",2022-11-18 18:55:11,ie,-0.14,lack basic facility discouraging woman taking building trade say union,negative,15,96,November 2022
348,Church ethos and role in healthcare or education can no longer be funded by State,2022-11-22 06:00:31,ie,0.196,church ethos role healthcare education longer funded state,positive,15,81,November 2022
349,Fish producers welcome change to permit scheme for migrants,2023-01-09 23:30:04,ie,0.176,fish producer welcome change permit scheme migrant,positive,9,59,January 2023
350,Topcon invests in the future of construction with donation to TU Dublin,2022-12-21 11:43:29,ie,0.23,topcon invests future construction donation tu dublin,positive,12,71,December 2022
351,Number of people working in agriculture fell in 2022,2023-02-23 21:43:38,ie,-0.413,number people working agriculture fell 2022,negative,9,52,February 2023
352,SDC delivers 30 new trailers to McBurney Transport,2023-01-31 17:30:27,ie,0.621,sdc delivers 30 new trailer mcburney transport,positive,8,50,January 2023
353,"Construction industry slows as costs rise and uncertainty grows, survey finds",2022-11-03 01:29:52,ie,-0.153,construction industry slows cost rise uncertainty grows survey find,negative,11,77,November 2022
354,"Equestrian body spent more than €650,000 on severance payments and settlements",2022-11-18 06:00:00,ie,-0.371,equestrian body spent 650 000 severance payment settlement,negative,11,78,November 2022
355,Money Diaries: A mum with a young family who recently moved home to Ireland after 15 years away,2022-11-27 21:00:42,ie,0.093,money diary mum young family recently moved home ireland 15 year away,positive,18,95,November 2022
356,Soft plastic is being collected but almost all is burned in Irish kilns or recycled abroad,2022-12-27 01:05:20,ie,0.025,soft plastic collected almost burned irish kiln recycled abroad,positive,16,90,December 2022
359,"VAT, levies, planning and other costs are making it unviable to build apartments",2022-12-07 06:53:00,ie,0.046,vat levy planning cost making unviable build apartment,positive,13,80,December 2022
360,What’s next? Our predictions on the issues to dominate education in 2023,2023-01-03 13:00:00,ie,-0.245,next prediction issue dominate education 2023,negative,12,72,January 2023
361,‘Large decline’ in planning permissions for new homes amid costs squeeze,2022-12-09 13:46:59,ie,-0.311,large decline planning permission new home amid cost squeeze,negative,11,72,December 2022
362,Applied Driving partners with Institute of Highway Engineers,2023-01-05 12:59:58,ie,0.07,applied driving partner institute highway engineer,positive,8,60,January 2023
363,Government approval of €170.6m investment in Waterford’s North Quays paves way for Ireland’s largest urban regeneration project - MerrionStreet,2022-11-09 18:19:42,ie,0.597,government approval 170.6m investment waterford north quay pave way ireland largest urban regeneration project merrionstreet,positive,19,143,November 2022
364,What skills are needed in the current economic climate?,2023-03-14 03:00:00,ie,0.233,skill needed current economic climate,positive,9,55,March 2023
365,Irish in Canada falling out of legal status due to delays in processing residency applications,2022-12-26 04:00:00,ie,-0.227,irish canada falling legal status due delay processing residency application,negative,15,94,December 2022
366,Climate tech 2.0 still has a one per cent problem,2022-11-16 13:50:22,ie,-0.341,climate tech 2.0 still one per cent problem,negative,10,49,November 2022
369,ESRI: State should &#039;regulate land&#039; prices to drive down the cost of housing,2022-12-09 08:28:58,ie,0.272,esri state 039 regulate land 039 price drive cost housing,positive,13,85,December 2022
370,French economy clings on to growth as energy concerns mount,2022-12-09 09:16:55,ie,-0.084,french economy cling growth energy concern mount,negative,10,59,December 2022
372,Central Bank warns poor housing supply is a 'constraint' on Irish economy,2023-03-08 01:05:21,ie,-0.003,central bank warns poor housing supply constraint irish economy,negative,12,73,March 2023
373,"Taoiseach Leo Varadkar &amp;lsquo;will do all it takes, leaving no stone unturned&amp;rsquo; to end housing emergency – except touch the €5bn surplus",2023-01-09 10:17:04,ie,0.053,taoiseach leo varadkar amp lsquo take leaving stone unturned amp rsquo end housing emergency except touch 5bn surplus,positive,22,149,January 2023
375,Asking prices for homes in Ireland fall for first time since 2013,2023-03-29 01:00:00,ie,-0.386,asking price home ireland fall first time since 2013,negative,12,65,March 2023
376,"Extending opening hours &#039;will increase the amount of harm from alcohol&#039;, committee told",2023-01-31 20:41:00,ie,0.172,extending opening hour 039 increase amount harm alcohol 039 committee told,positive,13,97,January 2023
377,"Relying on private sector to build houses a ‘vulnerability’, officials say",2023-01-20 20:32:03,ie,-0.131,relying private sector build house vulnerability official say,negative,11,74,January 2023
378,Housebuilder Bellway flags signs of recovery after plunging demand,2023-03-28 11:16:37,ie,-0.097,housebuilder bellway flag sign recovery plunging demand,negative,9,66,March 2023
379,Walls Construction announce Design + Construct donation,2022-12-20 11:09:40,ie,0.52,wall construction announce design construct donation,positive,7,55,December 2022
380,Unemployment still at two-decade low despite souring outlook,2022-11-30 16:08:34,ie,-0.033,unemployment still two-decade low despite souring outlook,negative,8,60,November 2022
381,A €6bn region: Limerick Chamber provides helicopter view of investments in Mid-West,2022-11-11 16:00:00,ie,0.055,6bn region limerick chamber provides helicopter view investment mid-west,positive,12,83,November 2022
382,Rising building costs could lead to many houses in Kilkenny being underinsured,2022-12-19 12:55:43,ie,-0.314,rising building cost could lead many house kilkenny underinsured,negative,12,78,December 2022
383,"State should take equity stake in houses built by housing bodies, committee told",2022-12-13 19:47:56,ie,-0.204,state take equity stake house built housing body committee told,negative,13,80,December 2022
384,Dublin 7 site with full planning for 68 rental apartments seeks €3.5m,2023-03-01 06:00:00,ie,0.247,dublin 7 site full planning 68 rental apartment seek 3.5m,positive,12,69,March 2023
385,Shortlist announced for KPMG Irish Independent Property Industry Excellence Awards,2022-11-17 03:30:00,ie,0.742,shortlist announced kpmg irish independent property industry excellence award,positive,10,82,November 2022
386,"‘Large-scale change’ needed in court, judicial workings to achieve efficient system - report",2023-02-24 11:13:20,ie,0.189,large-scale change needed court judicial working achieve efficient system report,positive,13,92,February 2023
387,Industrial action involving engineering company’s employees to proceed,2023-03-09 16:31:27,ie,-0.37,industrial action involving engineering company employee proceed,negative,8,70,March 2023
388,Glan Agua Ltd and Easy Hydro Ltd enter strategic alliance,2022-11-04 12:13:31,ie,0.046,glan agua ltd easy hydro ltd enter strategic alliance,positive,10,57,November 2022
389,"Largest Scarp case, Black Friday doubts and the unspoken mess of Brexit",2022-11-14 07:31:27,ie,-0.014,largest scarp case black friday doubt unspoken mess brexit,negative,12,71,November 2022
390,Progress Report on the Food Vision Beef and Sheep Group published - MerrionStreet,2022-11-02 17:35:59,ie,0.007,progress report food vision beef sheep group published merrionstreet,positive,13,81,November 2022
391,McConalogue hails positive meeting with fishing industry,2022-11-25 10:25:31,ie,0.513,mcconalogue hail positive meeting fishing industry,positive,7,56,November 2022
392,‘Boys are often targeted and radicalised online’,2023-01-29 13:30:00,ie,0.085,boy often targeted radicalised online,positive,7,48,January 2023
393,Brussels tips Ireland to escape worst even as EU flirts with recession,2022-11-12 04:53:04,ie,-0.219,brussels tip ireland escape worst even eu flirt recession,negative,12,70,November 2022
394,Owen Keegan: We disagree fundamentally with those groups... who continue to promote and sustain rough sleeping’,2022-12-29 06:00:00,ie,-0.379,owen keegan disagree fundamentally group continue promote sustain rough sleeping,negative,16,111,December 2022
395,Strike action by mechanical workers underway outside Intel and Pfizer sites,2023-03-10 12:36:35,ie,-0.136,strike action mechanical worker underway outside intel pfizer site,negative,11,75,March 2023
396,Krone Trailers cater for the construction sectors,2022-11-29 21:59:24,ie,0.259,krone trailer cater construction sector,positive,7,49,November 2022
397,Justine McCarthy: Wallace’s sympathy for Iranian regime strips bare his faux radicalism,2022-12-09 06:00:00,ie,-0.169,justine mccarthy wallace sympathy iranian regime strip bare faux radicalism,negative,12,87,December 2022
398,Cost of building hundreds of schools soars amid construction inflation,2023-01-04 06:00:31,ie,0.09,cost building hundred school soar amid construction inflation,positive,10,70,January 2023
399,"Government to &amp;lsquo;further expedite&amp;rsquo; delivery of houses, minister says",2022-11-21 18:18:25,ie,0.057,government amp lsquo expedite amp rsquo delivery house minister say,positive,9,86,November 2022
401,Department of Health demands final costs for new children’s hospital,2022-11-30 06:00:00,ie,-0.299,department health demand final cost new child hospital,negative,10,68,November 2022
402,OUT \ LOOK Guinness Six Nations Scores with The Dynamic Difference,2023-03-10 15:27:46,ie,0.482,look guinness six nation score dynamic difference,positive,11,66,March 2023
403,KPMG Construction Advisory names Wes Jesson as MD,2023-03-06 12:16:42,ie,0.249,kpmg construction advisory name wes jesson md,positive,8,49,March 2023
404,New planning bill won&amp;rsquo;t help solve housing crisis say experts — but self-builds just might,2022-12-18 03:30:00,ie,0.032,new planning bill amp rsquo help solve housing crisis say expert self-builds might,positive,15,100,December 2022
405,Sales positions and other agri jobs available,2023-02-24 18:15:00,ie,0.473,sale position agri job available,positive,7,45,February 2023
407,Dublin bus operator Go-Ahead &amp;lsquo;must pay more during cost-of-living crisis&amp;rsquo; to avoid strikes,2023-02-13 18:20:47,ie,0.025,dublin bus operator go-ahead amp lsquo must pay cost-of-living crisis amp rsquo avoid strike,positive,13,110,February 2023
408,Ireland&amp;rsquo;s property market &amp;lsquo;resilient&amp;rsquo; to cost-of-living fears – report,2023-01-03 02:11:16,ie,-0.152,ireland amp rsquo property market amp lsquo resilient amp rsquo cost-of-living fear report,negative,9,100,January 2023
409,Government housing loan body sees 49% growth in approvals,2023-01-25 11:37:03,ie,-0.279,government housing loan body see 49 growth approval,negative,9,57,January 2023
410,"State sitting on enough land for more than 60,000 homes - including racecourse, mint and barracks sites",2023-03-28 05:23:37,ie,-0.106,state sitting enough land 60 000 home including racecourse mint barrack site,negative,17,103,March 2023
411,Oxfam calls for wealth tax as the number of Ireland&#039;s super-rich doubles in a decade,2023-01-16 08:10:06,ie,0.144,oxfam call wealth tax number ireland 039 super-rich double decade,positive,15,89,January 2023
412,Murdock Group appoints Kieran Burke CEO of Brooks,2023-03-15 15:59:02,ie,0.469,murdock group appoints kieran burke ceo brook,positive,8,49,March 2023
413,Construction company building hundreds of social housing units goes into examinership,2022-11-17 23:44:55,ie,-0.34,construction company building hundred social housing unit go examinership,negative,11,85,November 2022
414,New offices drive demand in Dublin as investors and occupiers shy away from older stock,2023-01-18 06:30:00,ie,0.362,new office drive demand dublin investor occupier shy away older stock,positive,15,87,January 2023
415,Growing payment crisis threatens to cripple building industry and send young workers abroad,2022-12-11 03:30:00,ie,-0.382,growing payment crisis threatens cripple building industry send young worker abroad,negative,13,91,December 2022
416,"Over 28,700 units of large developments are awaiting An Bord Pleanála permission",2023-01-26 08:28:37,ie,-0.403,28 700 unit large development awaiting bord plean la permission,negative,12,80,January 2023
417,"Gender pay gap widest in finance and construction sectors, report finds",2023-02-28 05:35:00,ie,-0.063,gender pay gap widest finance construction sector report find,negative,11,71,February 2023
418,Revealed: the jobs with the largest pay hikes in 2022 as average wages laid bare,2022-12-29 03:30:00,ie,0.225,revealed job largest pay hike 2022 average wage laid bare,positive,15,80,December 2022
419,Mechanical workers at major engineering firms vote to strike over discontinued allowance,2023-03-02 22:29:21,ie,-0.196,mechanical worker major engineering firm vote strike discontinued allowance,negative,12,88,March 2023
421,Engineering firm granted interim injunction to prevent industrial action,2023-03-23 21:28:58,ie,-0.376,engineering firm granted interim injunction prevent industrial action,negative,9,72,March 2023
422,Hydrogen related events at WorldSkills at Belfast Met this week,2022-11-16 10:12:57,ie,0.159,hydrogen related event worldskills belfast met week,positive,10,63,November 2022
423,"All sectors will get 'fair hearing' on taxation if SF gets into power, McDonald insists",2022-12-23 07:30:51,ie,0.095,sector get fair hearing taxation sf get power mcdonald insists,positive,15,87,December 2022
424,CNH acquires tech firm for $175m,2023-03-31 17:45:00,ie,0.048,cnh acquires tech firm 175m,positive,6,32,March 2023
425,Housebuilding activity contracts sharply for third month running,2023-01-09 07:52:08,ie,-0.265,housebuilding activity contract sharply third month running,negative,8,64,January 2023
428,"Transport spending: Town and local bus services are the priority, says Eamon Ryan",2023-02-09 09:11:23,ie,0.3,transport spending town local bus service priority say eamon ryan,positive,13,81,February 2023
429,Pfizer confirms €1.2bn investment plan for Dublin facility,2022-12-01 11:36:19,ie,0.34,pfizer confirms 1.2bn investment plan dublin facility,positive,8,58,December 2022
430,Minister Ryan launches Ireland's first all-electric town bus service in Athlone - MerrionStreet,2023-01-20 12:04:21,ie,0.398,minister ryan launch ireland first all-electric town bus service athlone merrionstreet,positive,13,95,January 2023
431,"Next two years ‘critical’ for home energy upgrade targets, says SEAI",2023-03-27 06:00:00,ie,-0.076,next two year critical home energy upgrade target say seai,negative,11,68,March 2023
432,Action taken against three Donegal quarry operators,2022-12-06 11:29:38,ie,-0.287,action taken three donegal quarry operator,negative,7,51,December 2022
433,Glenveagh setback this week may open up opportunity for rival Cairn,2023-01-06 17:03:08,ie,-0.369,glenveagh setback week may open opportunity rival cairn,negative,11,67,January 2023
434,Frascati Centre in Blackrock ‘quietly’ on market with €100m price tag,2023-03-22 07:00:00,ie,0.186,frascati centre blackrock quietly market 100m price tag,positive,11,69,March 2023
436,The 9 at 9: Wednesday · TheJournal.ie,2022-12-21 09:50:00,ie,-0.056,9 9 wednesday thejournal ie,negative,7,37,December 2022
438,Minister Donohoe announces a package of actions to enhance delivery of vital public projects - MerrionStreet,2023-03-30 12:48:35,ie,0.043,minister donohoe announces package action enhance delivery vital public project merrionstreet,positive,16,108,March 2023
439,Homeowners denied full home insurance cover due to flood risk fears based on &amp;lsquo;map errors&amp;rsquo;,2023-03-06 03:30:00,ie,-0.358,homeowner denied full home insurance cover due flood risk fear based amp lsquo map error amp rsquo,negative,15,109,March 2023
440,Varadkar predicts tech sector will continue to grow in medium term,2023-01-04 01:01:00,ie,-0.455,varadkar predicts tech sector continue grow medium term,negative,11,66,January 2023
441,Slowdown in housing construction as building costs on rise,2022-11-14 07:48:10,ie,-0.323,slowdown housing construction building cost rise,negative,9,58,November 2022
442,UN won't halt aid to Afghanistan despite ban on women working in the country's aid sector,2022-12-29 22:42:26,ie,-0.292,un halt aid afghanistan despite ban woman working country aid sector,negative,16,89,December 2022
443,Minister Donohoe launches updated Project Ireland 2040 Progress Tracker - MerrionStreet,2023-02-10 17:02:39,ie,0.424,minister donohoe launch updated project ireland 2040 progress tracker merrionstreet,positive,11,87,February 2023
444,How to stay aware of job market trends,2023-01-24 02:00:00,ie,0.37,stay aware job market trend,positive,8,38,January 2023
445,Belfast: A city of two halves moves towards post-pandemic economic regeneration,2022-12-02 06:00:42,ie,0.228,belfast city two half move towards post-pandemic economic regeneration,positive,11,79,December 2022
446,"Digicel seeks bond grace period, Fallon & Byrne losses and predicting earthquakes",2023-02-23 07:42:28,ie,-0.421,digicel seek bond grace period fallon byrne loss predicting earthquake,negative,12,81,February 2023
448,Further appeal made against Limerick student accommodation plans,2023-02-16 14:30:00,ie,-0.106,appeal made limerick student accommodation plan,negative,8,64,February 2023
449,‘I left Dublin because it was so expensive. Now London is equally expensive’,2023-01-23 12:33:07,ie,-0.143,left dublin expensive london equally expensive,negative,13,76,January 2023
450,Property crash survivor Johnny Ronan facing bumpy road ahead,2022-11-04 08:52:50,ie,0.021,property crash survivor johnny ronan facing bumpy road ahead,positive,9,60,November 2022
451,Irish construction professionals sought for jobs in Australia,2023-02-21 12:44:59,ie,0.574,irish construction professional sought job australia,positive,8,61,February 2023
452,Republic using productivity boom to invest public infrastructure and housing – Slugger O'Toole,2023-01-17 13:35:42,ie,-0.328,republic using productivity boom invest public infrastructure housing slugger toole,negative,13,94,January 2023
453,Minister urged to intervene in Food Vision Beef and Sheep Group &#8216;impasse&#8217;,2022-11-21 19:45:00,ie,0.227,minister urged intervene food vision beef sheep group 8216 impasse 8217,positive,12,85,November 2022
454,Climate action plan: renewables and reduced car use targeted to tackle emissions quickly,2022-12-21 20:40:53,ie,0.094,climate action plan renewables reduced car use targeted tackle emission quickly,positive,13,88,December 2022
455,Social housing builder Blacklough Construction goes into examinership due to surging raw material costs,2022-11-18 03:30:00,ie,-0.168,social housing builder blacklough construction go examinership due surging raw material cost,negative,14,103,November 2022
456,Limerick engineering company awards bursaries to students,2022-11-22 09:00:00,ie,0.106,limerick engineering company award bursary student,positive,7,57,November 2022
457,Dublin city social homes to be built without developer,2022-12-09 06:00:00,ie,-0.371,dublin city social home built without developer,negative,9,54,December 2022
458,"Govt transfers €150m in Brexit funding to post-Covid fund, to be spent in part on retrofitting",2023-03-24 01:10:05,ie,-0.428,govt transfer 150m brexit funding post-covid fund spent part retrofitting,negative,16,94,March 2023
459,Fire defects affect 500 Herberton apartments,2022-12-16 06:00:00,ie,-0.142,fire defect affect 500 herberton apartment,negative,6,44,December 2022
460,Minister Dara Calleary turns the sod on AIM Centre in Sligo,2023-02-13 18:31:52,ie,0.348,minister dara calleary turn sod aim centre sligo,positive,11,59,February 2023
461,Market for development land robust despite headwinds,2022-12-06 06:50:00,ie,0.014,market development land robust despite headwind,positive,7,52,December 2022
462,China&amp;rsquo;s aid for property sector – a lynchpin of its economy – fails to convince,2022-11-20 03:30:00,ie,0.147,china amp rsquo aid property sector lynchpin economy fails convince,positive,15,89,November 2022
463,Ministers overruled officials who believed €1bn could be shaved from cost of apartment defects scheme,2023-03-20 01:01:00,ie,-0.5,minister overruled official believed 1bn could shaved cost apartment defect scheme,negative,15,101,March 2023
464,Dublin saw ‘concerning’ slowdowns in manufacturing and construction in Q4,2023-03-06 14:44:29,ie,-0.088,dublin saw concerning slowdown manufacturing construction q4,negative,10,73,March 2023
465,&amp;ldquo;We are living in strange times&amp;rdquo; – workers worry as pension pots drop in value,2022-12-07 12:41:42,ie,-0.118,amp ldquo living strange time amp rdquo worker worry pension pot drop value,negative,15,98,December 2022
468,Michael McDowell: State relied on private landlords for years. Now it is turning its guns on them,2023-03-21 20:47:32,ie,-0.094,michael mcdowell state relied private landlord year turning gun,negative,17,97,March 2023
470,Government still €2bn behind annual expenditure target for housing as end of year approaches,2022-11-07 01:05:22,ie,-0.274,government still 2bn behind annual expenditure target housing end year approach,negative,14,92,November 2022
471,The fight for housing justice in Dublin’s Liberties,2022-11-25 13:08:42,ie,0.166,fight housing justice dublin liberty,positive,8,51,November 2022
472,A new generation of commercial vehicle roof bars is here! &#8211; From Rhino!,2022-11-28 08:17:53,ie,0.552,new generation commercial vehicle roof bar 8211 rhino,positive,13,77,November 2022
473,"In the middle of our deep housing crisis, a transparent planning system is essential",2022-11-12 03:30:00,ie,0.017,middle deep housing crisis transparent planning system essential,positive,14,84,November 2022
474,Ireland’s housing crisis facts and figures: All you need to know,2023-03-23 19:49:49,ie,-0.159,ireland housing crisis fact figure need know,negative,11,64,March 2023
475,Public safety ‘continues to be threatened’ by Kingspan - UK minister,2023-03-28 19:47:37,ie,-0.573,public safety continues threatened kingspan uk minister,negative,11,68,March 2023
476,Landowners urged to check property status ahead of new tax on residential zoned land,2022-12-08 17:12:38,ie,0.103,landowner urged check property status ahead new tax residential zoned land,positive,14,84,December 2022
477,DAFM urged to ensure all ACRES applicants are accepted,2023-02-27 12:21:50,ie,-0.121,dafm urged ensure acre applicant accepted,negative,9,54,February 2023
478,Credit Demand Survey April 2022 – September 2022  - MerrionStreet,2023-01-30 15:21:50,ie,0.041,credit demand survey april 2022 september 2022 merrionstreet,positive,10,65,January 2023
479,Industry Training Services Opens for Business in Dublin,2023-02-23 13:54:31,ie,-0.093,industry training service open business dublin,negative,8,55,February 2023
480,Cork&#039;s Bottlehill - 20 years on what happens now?,2022-11-03 19:47:50,ie,-0.368,cork 039 bottlehill 20 year happens,negative,9,54,November 2022
481,DART for Cork to move a step closer as Cabinet signs off on new electric train carraiges,2022-11-29 08:53:32,ie,0.092,dart cork move step closer cabinet sign new electric train carraiges,positive,17,88,November 2022
483,State papers: Private sector lobbied against Jack Lynch Tunnel,2022-12-30 09:02:09,ie,-0.065,state paper private sector lobbied jack lynch tunnel,negative,9,62,December 2022
484,Peaky Blinders movie to begin filming in Birmingham &amp;lsquo;soon&amp;rsquo; – creator,2023-03-21 18:44:33,ie,0.149,peaky blinder movie begin filming birmingham amp lsquo soon amp rsquo creator,positive,11,88,March 2023
485,Derailing Government housing plans; unpaid leave at Intel; and watching Sean Quinn’s tears,2022-12-02 07:00:23,ie,0.074,derailing government housing plan unpaid leave intel watching sean quinn tear,positive,13,90,December 2022
486,Scramble to find voting pair for Justice Minister after Violet-Anne Wynne ends arrangement to vote against Government on eviction ban,2023-03-21 20:55:35,ie,-0.363,scramble find voting pair justice minister violet-anne wynne end arrangement vote government eviction ban,negative,20,133,March 2023
487,State’s woefully under-resourced planning system at heart of housing problem,2023-03-26 16:03:38,ie,-0.413,state woefully under-resourced planning system heart housing problem,negative,10,76,March 2023
489,"Profit taking a bigger driver of inflation than wage growth, ECB finds",2023-03-30 16:51:15,ie,-0.031,profit taking bigger driver inflation wage growth ecb find,negative,12,70,March 2023
490,"Starting salaries have shot up by €5,000 with most employers planning to hike wages next year",2022-12-06 15:24:50,ie,0.018,starting salary shot 5 000 employer planning hike wage next year,positive,16,93,December 2022
491,"Homelessness record broken again as 11,542 people in emergency accommodation in November",2023-01-06 16:23:11,ie,-0.201,homelessness record broken 11 542 people emergency accommodation november,negative,12,88,January 2023
492,Housing for All – Q4 2022 Progress Report published - MerrionStreet,2023-02-08 10:44:35,ie,0.044,housing q4 2022 progress report published merrionstreet,positive,11,67,February 2023
494,Minister Hackett welcomes report on Organic Strategy Forum - MerrionStreet,2023-01-24 14:07:09,ie,0.24,minister hackett welcome report organic strategy forum merrionstreet,positive,10,74,January 2023
495,Minister Harris welcomes the live launch of Safe Pass Renewal online  - MerrionStreet,2023-02-03 12:10:54,ie,0.288,minister harris welcome live launch safe pas renewal online merrionstreet,positive,13,85,February 2023
496,Most-read: The top 10 business stories of the year,2022-12-26 07:00:00,ie,-0.347,most-read top 10 business story year,negative,9,50,December 2022
497,Haulier support scheme to be extended by further €18m due to high costs,2022-12-16 01:01:00,ie,-0.231,haulier support scheme extended 18m due high cost,negative,13,71,December 2022
498,Michael Stone profile: the quiet engineering pioneer caught up in Paschal Donohoe posters furore,2023-01-17 00:01:05,ie,0.237,michael stone profile quiet engineering pioneer caught paschal donohoe poster furore,positive,14,96,January 2023
499,What are the latest jobs up for grabs in the agri-food sector?,2023-03-24 19:00:00,ie,0.574,latest job grab agri-food sector,positive,12,62,March 2023
500,"Big-ticket office deals mask market shift to ‘beds, sheds and meds’",2022-11-09 06:30:00,ie,0.094,big-ticket office deal mask market shift bed shed med,positive,11,67,November 2022
501,Government getting ready to bail out the developers again,2023-01-18 21:00:07,ie,-0.206,government getting ready bail developer,negative,9,57,January 2023
502,Additional €25 million allocated for Donegal piers and harbours,2022-12-07 17:23:40,ie,0.166,additional 25 million allocated donegal pier harbour,positive,9,63,December 2022
503,Darragh O’Brien accused of acting like ‘petulant child’ in debate on extending eviction ban,2023-02-21 23:55:51,ie,-0.313,darragh brien accused acting like petulant child debate extending eviction ban,negative,14,91,February 2023
504,The Fencing People require Business Development Staff,2022-12-20 17:48:43,ie,0.448,fencing people require business development staff,positive,7,53,December 2022
